{
  "continent": [
    {
      "continent": "asia",
      "country": [
        {
          "name": "Armenia",
          "countryImage": "armenia",
          "ISOcountryCode":"AM"
        },
        {
          "name": "Japan",
          "countryImage": "japan",
          "ISOcountryCode":"JP"
        },
        {
          "name": "singapore",
          "countryImage": "singapore",
          "ISOcountryCode":"SG"
        },
        {
          "name": "korea",
          "countryImage": "korea",
          "ISOcountryCode":"KR"
        },
        {
          "name": "India",
          "countryImage": "india",
          "ISOcountryCode":"IN"
        },
        {
          "name": "Afghanistan",
          "countryImage": "afghanistan",
          "ISOcountryCode":"AF"
        },
        {
          "name": "Hong Kong SAR",
          "countryImage": "hong_kong",
          "ISOcountryCode":"HK"
        },
        {
          "name": "Macao SAR",
          "countryImage": "aomen",
            "ISOcountryCode":"MO"
        },
        {
          "name": "North_Korea",
          "countryImage": "north_korea",
          "ISOcountryCode":"MP"
        },
        {
          "name": "Philippines",
          "countryImage": "philippines",
            "ISOcountryCode":"PH"
        },
        {
          "name": "Vietnam",
          "countryImage": "vietnam",
            "ISOcountryCode":"VN"
        },
        {
          "name": "Thailand",
          "countryImage": "thailand",
                  "ISOcountryCode":"TH"
        },
        {
          "name": "Malaysia",
          "countryImage": "malaysia",
                  "ISOcountryCode":"MY"
        },
        {
          "name": "Indonesia",
          "countryImage": "indonesia",
                  "ISOcountryCode":"ID"
        },
        {
          "name": "Iran",
          "countryImage": "iran",
                  "ISOcountryCode":"IR"
        },
        {
          "name": "Israel",
          "countryImage": "israel",
          "ISOcountryCode":"IL"
        },
        {
          "name": "Saudi_Arabia",
          "countryImage": "saudi_arabia",
                  "ISOcountryCode":"SA"
        },
        {
          "name": "Qatar",
          "countryImage": "qatar",
                  "ISOcountryCode":"QA"
        },
        {
          "name": "Kuwait",
          "countryImage": "kuwait",
                  "ISOcountryCode":"KW"
        },
        {
          "name": "The United Arab Emirates",
          "countryImage": "united_arab_emirates",
                  "ISOcountryCode":"AE"
        },
        {
          "name": "Turkey",
          "countryImage": "turkey",
                  "ISOcountryCode":"TR"
        },
        {
          "name": "Korea",
          "countryImage": "korea",
                  "ISOcountryCode":"KR"
        },
        {
          "name": "Cyprus",
          "countryImage": "cyprus",
                  "ISOcountryCode":"CY"
        },
        {
          "name": "Georgia",
          "countryImage": "georgia",
                  "ISOcountryCode":"GE"
        },
        {
          "name": "Azerbaijan",
          "countryImage": "azerbaijan",
                  "ISOcountryCode":"AZ"
        },
        {
          "name": "Kazakhstan",
          "countryImage": "kazakhstan",
                  "ISOcountryCode":"KZ"
        },
        {
          "name": "Bhutan",
          "countryImage": "bhutan",
                  "ISOcountryCode":"BT"
        },
        {
          "name": "Pakistan",
          "countryImage": "pakistan",
                  "ISOcountryCode":"PK"
        },
        {
          "name": "Sri Lanka",
          "countryImage": "sri_lanka",
                  "ISOcountryCode":"LK"
        },
        {
          "name": "Burma",
          "countryImage": "burma",
                  "ISOcountryCode":""
        },
        {
          "name": "Lebanon",
          "countryImage": "lebanon",
                  "ISOcountryCode":"LB"
        },
        {
          "name": "Jordan",
          "countryImage": "jordan",
                  "ISOcountryCode":"JO"
        },
        {
          "name": "Syrian Arab Republic",
          "countryImage": "syrian_arab_republic",
                  "ISOcountryCode":"SY"
        },
        {
          "name": "Iraq",
          "countryImage": "iraq",
                  "ISOcountryCode":"IQ"
        },
        {
          "name": "Yemen",
          "countryImage": "yemen",
                  "ISOcountryCode":"YE"
        },
        {
          "name": "Oman",
          "countryImage": "oman",
                  "ISOcountryCode":"OM"
        },
        {
          "name": "the State of Palestine",
          "countryImage": "palestine",
                  "ISOcountryCode":"PS"
        },
        {
          "name": "Bahrain",
          "countryImage": "bahrain",
                  "ISOcountryCode":"BH"
        },
        {
          "name": "Mongolia",
          "countryImage": "mongolia",
                  "ISOcountryCode":"MN"
        },
        {
          "name": "Nepal",
          "countryImage": "nepal",
                  "ISOcountryCode":"NP"
        },
        {
          "name": "Uzbekistan",
          "countryImage": "uzbekistan",
                  "ISOcountryCode":"UZ"
        },
        {
          "name": "Tajikistan",
          "countryImage": "tajikistan",
                  "ISOcountryCode":"TJ"
        },
        {
          "name": "Kyrgyzstan",
          "countryImage": "kyrgyzstan",
                  "ISOcountryCode":"KG"
        },
        {
          "name": "Turkmenistan",
          "countryImage": "turkmenistan",
                  "ISOcountryCode":"TM"
        },
        {
          "name": "Cambodia",
          "countryImage": "cambodia",
                  "ISOcountryCode":"KH"
        },
        {
          "name": "Laos",
          "countryImage": "laos",
                  "ISOcountryCode":"LA"
        },
        {
          "name": "Taiwan",
          "countryImage": "taiwan",
                  "ISOcountryCode":"TW"
        },
        {
          "name": "Bangladesh",
          "countryImage": "bangladesh",
                  "ISOcountryCode":"BD"
        },
        {
          "name": "Maldives",
          "countryImage": "maldives",
                  "ISOcountryCode":"MV"
        },
        {
          "name": "Timor-Leste",
          "countryImage": "timor_leste",
                  "ISOcountryCode":"TL"
        },
        {
          "name": "Brunei Darussalam",
          "countryImage": "brunei_darussalam",
                  "ISOcountryCode":"BN"
        }

      ]
    },
    {
      "continent": "africa",
      "country": [
        {
          "name": "Egypt",
                  "countryImage": "egypt",
                  "ISOcountryCode":"EG"
        },
        {
          "name": "Algeria",
                  "countryImage": "algeria",
                  "ISOcountryCode":"DZ"
        },
        {
          "name": "Morocco",
                  "countryImage": "morocco",
                  "ISOcountryCode":"MA"
        },
        {
          "name": "Tunisia",
                  "countryImage": "tunisia",
                  "ISOcountryCode":"TN"
        },
        {
          "name": "Libya",
                  "countryImage": "libya",
                  "ISOcountryCode":"LY"
        },
        {
          "name": "Gambia",
                  "countryImage": "gambia",
                  "ISOcountryCode":"GM"
        },
        {
          "name": "Senegal",
                  "countryImage": "senegal",
                  "ISOcountryCode":"SN"
        },
        {
          "name": "Mauritania",
                  "countryImage": "mauritania",
                  "ISOcountryCode":"MR"
        },
        {
          "name": "Mali",
                  "countryImage": "mali",
                  "ISOcountryCode":"ML"
        },
        {
          "name": "Guinea",
                  "countryImage": "guinea",
                  "ISOcountryCode":"GN"
        },
        {
          "name": "Côte d'Ivoire",
                  "countryImage": "cote_divoire",
                  "ISOcountryCode":"CI"
        },
        {
          "name": "Burkina Faso",
                  "countryImage": "burkina_faso",
                  "ISOcountryCode":"BF"
        },
        {
          "name": "Niger",
                  "countryImage": "niger",
                  "ISOcountryCode":"NE"
        },
        {
          "name": "Togo",
                  "countryImage": "togo",
                  "ISOcountryCode":"TG"
        },
        {
          "name": "Benin",
                  "countryImage": "benin",
                  "ISOcountryCode":"BJ"
        },
        {
          "name": "Mauritius",
                  "countryImage": "mauritius",
                  "ISOcountryCode":"MU"
        },
        {
          "name": "Liberia",
                  "countryImage": "liberia",
                  "ISOcountryCode":"LR"
        },
        {
          "name": "Sierra Leone",
                  "countryImage": "sierra_leone",
                  "ISOcountryCode":"SL"
        },
        {
          "name": "Ghana",
                  "countryImage": "ghana",
                  "ISOcountryCode":"GH"
        },
        {
          "name": "Nigeria",
                  "countryImage": "nigeria",
                  "ISOcountryCode":"NG"
        },
        {
          "name": "Chad",
                  "countryImage": "chad",
                  "ISOcountryCode":"TD"
        },
        {
          "name": "Central African Republic",
                  "countryImage": "central_africa",
                  "ISOcountryCode":"CF"
        },
        {
          "name": "Cameroon",
                  "countryImage": "cameroon",
                  "ISOcountryCode":"CM"
        },
        {
          "name": "Cape Verde",
                  "countryImage": "cape_verde",
                  "ISOcountryCode":"CV"
        },
        {
          "name": "Sao Tome and Principe",
                  "countryImage": "saotomeandprincipe",
                  "ISOcountryCode":"ST"
        },
        {
          "name": "Equatorial Guinea",
                  "countryImage": "equatorial_guinea",
                  "ISOcountryCode":"GQ"
        },
        {
          "name": "Gabon",
                  "countryImage": "gabon",
                  "ISOcountryCode":"GA"
        },
        {
          "name": "Congo",
                  "countryImage": "congo",
                  "ISOcountryCode":"CG"
        },
        {
          "name": "Democratic Republic of the Congo",
                  "countryImage": "democratic_republic_of_congo",
                  "ISOcountryCode":"CD"
        },
        {
          "name": "Angola",
                  "countryImage": "angola",
                  "ISOcountryCode":"AO"
        },
        {
          "name": "Guinea-Bissau",
                  "countryImage": "guinea_bissau",
                  "ISOcountryCode":"GW"
        },
        {
          "name": "Seychelles",
                  "countryImage": "seychelles",
                  "ISOcountryCode":"SC"
        },
        {
          "name": "Sudan",
                  "countryImage": "sudan",
                  "ISOcountryCode":"SD"
        },
        {
          "name": "Rwanda",
                  "countryImage": "rwanda",
                  "ISOcountryCode":"RW"
        },
        {
          "name": "Ethiopia",
                  "countryImage": "ethiopia",
                  "ISOcountryCode":"ET"
        },
        {
          "name": "Somalia",
                  "countryImage": "somalia",
                  "ISOcountryCode":"SO"
        },
        {
          "name": "Djibouti",
                  "countryImage": "djibouti",
                  "ISOcountryCode":"DJ"
        },
        {
          "name": "Kenya",
                  "countryImage": "kenya",
                  "ISOcountryCode":"KE"
        },
        {
          "name": "The United Republic of Tanzania",
                  "countryImage": "tanzania",
                  "ISOcountryCode":"TZ"
        },
        {
          "name": "Uganda",
                  "countryImage": "uganda",
                  "ISOcountryCode":"UG"
        },
        {
          "name": "Burundi",
                  "countryImage": "burundi",
                  "ISOcountryCode":"BI"
        },
        {
          "name": "Mozambique",
                  "countryImage": "mozambique",
                  "ISOcountryCode":"MZ"
        },
        {
          "name": "Zambia",
                  "countryImage": "zambia",
                  "ISOcountryCode":"ZM"
        },
        {
          "name": "Madagascar",
                  "countryImage": "madagascar",
                  "ISOcountryCode":"MG"
        },
        {
          "name": "Republic of Zimbabwe",
                  "countryImage": "zimbabwe",
                  "ISOcountryCode":"ZW"
        },
        {
          "name": "Namibia",
                  "countryImage": "namibia",
                  "ISOcountryCode":"NA"
        },
        {
          "name": "Malawi",
                  "countryImage": "malawi",
                  "ISOcountryCode":"MW"
        },
        {
          "name": "Lesotho",
                  "countryImage": "lesotho",
                  "ISOcountryCode":"LS"
        },
        {
          "name": "Botswana",
                  "countryImage": "botswana",
                  "ISOcountryCode":"BW"
        },
        {
          "name": "Swaziland",
                  "countryImage": "swaziland",
                  "ISOcountryCode":"SZ"
        },
        {
          "name": "Comoros",
                  "countryImage": "comoros",
                  "ISOcountryCode":"KM"
        },
        {
          "name": "South Africa",
                  "countryImage": "south_africa",
                  "ISOcountryCode":"ZA"
        },
        {
          "name": "Eritrea",
                  "countryImage": "eritrea",
                  "ISOcountryCode":"ER"
        }
      ]
    },
    {
      "continent": "oceania",
      "country": [
        {
          "name": "Australia",
                  "countryImage": "australia",
                  "ISOcountryCode":"AU"
        },
        {
          "name": "New Zealand",
                  "countryImage": "new_zealand",
                  "ISOcountryCode":"NZ"
        },
        {
          "name": "Nauru",
                  "countryImage": "nauru",
                  "ISOcountryCode":"NR"
        },
        {
          "name": "Papua New Guinea",
                  "countryImage": "papua_new_guinea",
                  "ISOcountryCode":"PG"
        },
        {
          "name": "Tonga",
                  "countryImage": "tonga",
                  "ISOcountryCode":"TO"
        },
        {
          "name": "Solomon Islands",
                  "countryImage": "solomon_islands",
                  "ISOcountryCode":"SB"
        },
        {
          "name": "Vanuatu",
                  "countryImage": "vanuatu",
                  "ISOcountryCode":"VU"
        },
        {
          "name": "Fiji",
                  "countryImage": "fiji",
                  "ISOcountryCode":"FJ"
        },
        {
          "name": "Wallis and Futuna",
                  "countryImage": "wallis_and_futuna",
                  "ISOcountryCode":"WF"
        },
        {
          "name": "American Samoa",
                  "countryImage": "american_samoa",
                  "ISOcountryCode":"AS"
        },
        {
          "name": "Kiribati",
                  "countryImage": "kiribati",
                  "ISOcountryCode":"KI"
        },
        {
          "name": "New Caledonia",
                  "countryImage": "new_caledonia",
                  "ISOcountryCode":"NC"
        },
        {
          "name": "French Polynesia",
                  "countryImage": "french_polynesia",
                  "ISOcountryCode":"PF"
        },
        {
          "name": "Cook Islands",
                  "countryImage": "cook_islands",
                  "ISOcountryCode":"CK"
        },
        {
          "name": "Samoa",
                  "countryImage": "samoa",
                  "ISOcountryCode":"WS"
        },
        {
          "name": "Micronesia, Federated States of",
                  "countryImage": "federated_states_of_micronesia",
                  "ISOcountryCode":"FM"
        },
        {
          "name": "Marshall Islands",
                  "countryImage": "marshall_islands",
                  "ISOcountryCode":"MH"
        },
        {
          "name": "Palau",
                  "countryImage": "palau",
                  "ISOcountryCode":"PW"
        },
        {
          "name": "Niue",
                  "countryImage": "niue",
                  "ISOcountryCode":"NU"
        }
      ]
    },
    {
      "continent": "europe",
      "country": [
        {
          "name": "Russia",
                  "countryImage": "russia",
                  "ISOcountryCode":"RU"
        },
        {
          "name": "Norway",
                  "countryImage": "norway",
                  "ISOcountryCode":"NO"
        },
        {
          "name": "Luxembourg",
                  "countryImage": "luxembourg",
                  "ISOcountryCode":"LU"
        },
        {
          "name": "Vatican",
                  "countryImage": "vatican",
                  "ISOcountryCode":"VA"
        },
        {
          "name": "Albania",
                  "countryImage": "albania",
                  "ISOcountryCode":"AL"
        },
        {
          "name": "Germany",
                  "countryImage": "germany",
                  "ISOcountryCode":"DE"
        },
        {
          "name": "Italy",
                  "countryImage": "italy",
                  "ISOcountryCode":"IT"
        },
        {
          "name": "France",
                  "countryImage": "france",
                  "ISOcountryCode":"FR"
        },
        {
          "name": "Spain",
                  "countryImage": "spain",
                  "ISOcountryCode":"ES"
        },
        {
          "name": "Portugal",
                  "countryImage": "portugal",
                  "ISOcountryCode":"PT"
        },
        {
          "name": "Ireland",
                  "countryImage": "ireland",
                  "ISOcountryCode":"IE"
        },
        {
          "name": "United Kingdom",
                  "countryImage": "united_kingdom",
                  "ISOcountryCode":"GB"
        },
        {
          "name": "Netherlands",
                  "countryImage": "netherlands",
                  "ISOcountryCode":"NL"
        },
        {
          "name": "Belgium",
                  "countryImage": "belgium",
                  "ISOcountryCode":"BE"
        },
        {
          "name": "Andorra",
                  "countryImage": "andorra",
                  "ISOcountryCode":"AD"
        },
        {
          "name": "Croatia",
                  "countryImage": "croatia",
                  "ISOcountryCode":"HR"
        },
        {
          "name": "Serbia",
                  "countryImage": "serbia",
                  "ISOcountryCode":"RS"
        },
        {
          "name": "Romania",
                  "countryImage": "romania",
                  "ISOcountryCode":"RO"
        },
        {
          "name": "Switzerland",
                  "countryImage": "switzerland",
                  "ISOcountryCode":"CH"
        },
        {
          "name": "Czech Republic",
                  "countryImage": "czech_republic",
                  "ISOcountryCode":"CZ"
        },
        {
          "name": "Slovakia",
                  "countryImage": "slovakia",
                  "ISOcountryCode":"SK"
        },
        {
          "name": "Austria",
                  "countryImage": "austria",
                  "ISOcountryCode":"AT"
        },
        {
          "name": "Denmark",
                  "countryImage": "denmark",
                  "ISOcountryCode":"DK"
        },
        {
          "name": "Sweden",
                  "countryImage": "sweden",
                  "ISOcountryCode":"SE"
        },
        {
          "name": "Greece",
                  "countryImage": "greece",
                  "ISOcountryCode":"GR"
        },
        {
          "name": "Monaco",
                  "countryImage": "monaco",
                  "ISOcountryCode":"MC"
        },
        {
          "name": "Hungary",
                  "countryImage": "hungary",
                  "ISOcountryCode":"HU"
        },
        {
          "name": "Finland",
                  "countryImage": "finland",
                  "ISOcountryCode":"FI"
        },
        {
          "name": "Lithuania",
                  "countryImage": "lithuania",
                  "ISOcountryCode":"LT"
        },
        {
          "name": "Latvia",
                  "countryImage": "latvia",
                  "ISOcountryCode":"LV"
        },
        {
          "name": "Estonia",
                  "countryImage": "estonia",
                  "ISOcountryCode":"EE"
        },
        {
          "name": "Ukraine",
                  "countryImage": "ukraine",
                  "ISOcountryCode":"UA"
        },
        {
          "name": "White Russia",
                  "countryImage": "white_russia",
                  "ISOcountryCode":""
        },
        {
          "name": "Republic of Moldova",
                  "countryImage": "republica_moldova",
                  "ISOcountryCode":"MD"
        },
        {
          "name": "poland",
                  "countryImage": "poland",
                  "ISOcountryCode":"PL"
        },
        {
          "name": "Gibraltar",
                  "countryImage": "gibraltar",
                  "ISOcountryCode":"GI"
        },
        {
          "name": "Iceland",
                  "countryImage": "iceland",
                  "ISOcountryCode":"IS"
        },
        {
          "name": "Malta",
                  "countryImage": "malta",
                  "ISOcountryCode":"MT"
        },
        {
          "name": "Bulgaria",
                  "countryImage": "bulgaria",
                  "ISOcountryCode":"BG"
        },
        {
          "name": "Faroe Islands",
                  "countryImage": "faroe_islands",
                  "ISOcountryCode":"FO"
        },
        {
          "name": "San Marino",
                  "countryImage": "san_marino",
                  "ISOcountryCode":"SM"
        },
        {
          "name": "Slovenia",
                  "countryImage": "slovenia",
                  "ISOcountryCode":"SI"
        },
        {
          "name": "The Republic of Macedonia",
                  "countryImage": "macedonia",
                  "ISOcountryCode":"MK"
        },
        {
          "name": "Liechtenstein",
                  "countryImage": "liechtenstein",
                  "ISOcountryCode":"LI"
        },
        {
          "name": "Montenegro",
                  "countryImage": "montenegro",
                  "ISOcountryCode":"ME"
        }
      ]
    },
    {
      "continent": "northamerica",
      "country": [
        {
          "name": "United States",
                  "countryImage": "united_states",
                  "ISOcountryCode":"US"
        },
        {
          "name": "Saint Pierre and Miquelon",
                  "countryImage": "saint_pierre_et_miquelon",
                  "ISOcountryCode":"PM"
        },
        {
          "name": "Canada",
                  "countryImage": "canada",
                  "ISOcountryCode":"CA"
        },
        {
          "name": "Greenland",
                  "countryImage": "greenland",
                  "ISOcountryCode":"GL"
        },
        {
          "name": "Puerto Rico",
                  "countryImage": "puerto_rico",
                  "ISOcountryCode":"PR"
        },
        {
          "name": "United States Virgin Islands",
                  "countryImage": "united_states_virgin_islands",
                  "ISOcountryCode":""
        },
        {
          "name": "Mexico",
                  "countryImage": "mexico",
                  "ISOcountryCode":"MX"
        },
        {
          "name": "Jamaica",
                  "countryImage": "jamaica",
                  "ISOcountryCode":"JM"
        },
        {
          "name": "Martinique",
                  "countryImage": "martinique",
                  "ISOcountryCode":"MQ"
        },
        {
          "name": "Barbados",
                  "countryImage": "barbados",
                  "ISOcountryCode":"BB"
        },
        {
          "name": "Antigua and Barbuda",
                  "countryImage": "antigua_and_barbuda",
                  "ISOcountryCode":"AG"
        },
        {
          "name": "Cayman Islands",
                  "countryImage": "cayman_islands",
                  "ISOcountryCode":"KY"
        },
        {
          "name": "Virgin Islands, U.S.",
                  "countryImage": "british_virgin_islands",
                  "ISOcountryCode":"VI"
        },
        {
          "name": "Bermuda",
                  "countryImage": "bermuda",
                  "ISOcountryCode":"BM"
        },
        {
          "name": "Grenada",
                  "countryImage": "grenada",
                  "ISOcountryCode":"GD"
        },
        {
          "name": "Montserrat",
                  "countryImage": "montserrat",
                  "ISOcountryCode":"MS"
        },
        {
          "name": "Saint Lucia",
                  "countryImage": "saint_lucia",
                  "ISOcountryCode":"LC"
        },
        {
          "name": "Saint Vincent and the Grenadines",
                  "countryImage": "saint_vincent_and_the_grenadines",
                  "ISOcountryCode":"VC"
        },
        {
          "name": "Curaçao",
                  "countryImage": "curacao",
                  "ISOcountryCode":"CW"
        },
        {
          "name": "Aruba",
                  "countryImage": "aruba",
                  "ISOcountryCode":"AW"
        },
        {
          "name": "Bahamas",
                  "countryImage": "bahamas",
                  "ISOcountryCode":"BS"
        },
        {
          "name": "Anguilla",
                  "countryImage": "anguilla",
                  "ISOcountryCode":"AI"
        },
        {
          "name": "Dominica",
                  "countryImage": "dominica",
                  "ISOcountryCode":"DM"
        },
        {
          "name": "Cuba",
                  "countryImage": "cuba",
                  "ISOcountryCode":"CU"
        },
        {
          "name": "Dominican Republic",
                  "countryImage": "dominican_republic",
                  "ISOcountryCode":"DO"
        },
        {
          "name": "Haiti",
                  "countryImage": "haiti",
                  "ISOcountryCode":"HT"
        },
        {
          "name": "Trinidad and Tobago",
                  "countryImage": "trinidad_and_tobago",
                  "ISOcountryCode":"TT"
        },
        {
          "name": "Belize",
                  "countryImage": "belize",
                  "ISOcountryCode":"BZ"
        },
        {
          "name": "Guatemala",
                  "countryImage": "guatemala",
                  "ISOcountryCode":"GT"
        },
        {
          "name": "El Salvador",
                  "countryImage": "salvador",
                  "ISOcountryCode":"SV"
        },
        {
          "name": "Honduras",
                  "countryImage": "honduras",
                  "ISOcountryCode":"HN"
        },
        {
          "name": "Nicaragua",
                  "countryImage": "nicaragua",
                  "ISOcountryCode":"NI"
        },
        {
          "name": "Costa Rica",
                  "countryImage": "costa_rica",
                  "ISOcountryCode":"CR"
        }

      ]
    },
    {
      "continent": "southamerica",
      "country": [
        {
          "name": "Peru",
                  "countryImage": "peru",
                  "ISOcountryCode":"PE"
        },
        {
          "name": "Argentina",
                  "countryImage": "argentina",
                  "ISOcountryCode":"AR"
        },
        {
          "name": "Brazil",
                  "countryImage": "brazil",
                  "ISOcountryCode":"BR"
        },
        {
          "name": "Chile",
                  "countryImage": "chile",
                  "ISOcountryCode":"CL"
        },
        {
          "name": "Colombia",
                  "countryImage": "colombia",
                  "ISOcountryCode":"CO"
        },
        {
          "name": "Bolivarian Republic of Venezuela",
                  "countryImage": "venezuela",
                  "ISOcountryCode":"BO"
        },
        {
          "name": "Bolivia, Plurinational",
                  "countryImage": "bolivia",
                  "ISOcountryCode":"BO"
        },
        {
          "name": "Guyana",
                  "countryImage": "guyana",
                  "ISOcountryCode":"GY"
        },
        {
          "name": "Ecuador",
                  "countryImage": "ecuador",
                  "ISOcountryCode":"EC"
        },
        {
          "name": "French Guiana",
                  "countryImage": "french_guiana",
                  "ISOcountryCode":"PF"
        },
        {
          "name": "Paraguay",
          "countryImage": "paraguay",
          "ISOcountryCode":"PY"
        },
        {
          "name": "Suriname",
          "countryImage": "suriname",
          "ISOcountryCode":"SR"
        },
        {
          "name": "Uruguay",
          "countryImage": "uruguay",
          "ISOcountryCode":"UY"
                  
        }
      ]
    }
  ]
}
